seed,auc_roc,auc_pr
15,0.9921325051759834,0.9580243791070293
