seed,auc_roc,auc_pr
21,0.987991718426501,0.9425286464280962
