seed,auc_roc,auc_pr
1,0.9839889579020012,0.9175199523150409
