seed,auc_roc,auc_pr
14,0.9688750862663906,0.8354823921945052
