seed,auc_roc,auc_pr
25,0.9761214630779849,0.8665137314616571
