seed,auc_roc,auc_pr
20,0.9833678398895791,0.9224712820253136
