seed,auc_roc,auc_pr
13,0.9748102139406487,0.8621177330885538
