seed,auc_roc,auc_pr
19,0.9917874396135266,0.95679700138208
