seed,auc_roc,auc_pr
10,0.9816425120772947,0.909029989950845
