seed,auc_roc,auc_pr
29,0.9721877156659765,0.8591819705670756
