seed,auc_roc,auc_pr
5,0.9832298136645963,0.9201403495725228
