seed,auc_roc,auc_pr
11,0.985024154589372,0.9208303712901835
