seed,auc_roc,auc_pr
27,0.9843340234644583,0.9145851237518974
