seed,auc_roc,auc_pr
16,0.9850931677018634,0.9291050821037614
