seed,auc_roc,auc_pr
26,0.9816425120772947,0.9152442133077214
