seed,auc_roc,auc_pr
0,0.991304347826087,0.9535609025836366
