seed,auc_roc,auc_pr
2,0.9877846790890269,0.9374243612563395
