seed,auc_roc,auc_pr
3,0.9907522429261559,0.9518165299048543
