seed,auc_roc,auc_pr
22,0.9777087646652864,0.880724559982084
