seed,auc_roc,auc_pr
9,0.9831608005521049,0.9166207727436769
