seed,auc_roc,auc_pr
7,0.9919944789510007,0.9609416304338743
