seed,auc_roc,auc_pr
17,0.9899240855762595,0.9514456253641519
