seed,auc_roc,auc_pr
6,0.9840579710144927,0.9080162106485974
