seed,auc_roc,auc_pr
23,0.9911663216011042,0.9510828397659502
