seed,auc_roc,auc_pr
4,0.9804692891649414,0.9060601081222259
