seed,auc_roc,auc_pr
18,0.9904071773636991,0.9444662867082921
