seed,auc_roc,auc_pr
12,0.9827467218771566,0.8640881430490227
