seed,auc_roc,auc_pr
28,0.9928226363008972,0.9633135773034665
