seed,auc_roc,auc_pr
8,0.9852311939268461,0.9225253693357095
