seed,auc_roc,auc_pr
24,0.9906832298136646,0.9494279887038924
