seed,auc_roc,auc_pr
23,0.9888543823326432,0.9400795043114918
