seed,auc_roc,auc_pr
2,0.9860593512767426,0.9320860310126341
