seed,auc_roc,auc_pr
9,0.9877846790890269,0.9315875120001956
