seed,auc_roc,auc_pr
16,0.9819185645272602,0.8983861076737549
