seed,auc_roc,auc_pr
6,0.9870255348516218,0.9222337356797394
