seed,auc_roc,auc_pr
20,0.9889579020013802,0.9411333802936754
