seed,auc_roc,auc_pr
22,0.9808833678398896,0.8835252266373081
