seed,auc_roc,auc_pr
8,0.9883022774327123,0.9431796381643297
