seed,auc_roc,auc_pr
24,0.9781228433402347,0.8895953202068538
