seed,auc_roc,auc_pr
5,0.988336783988958,0.9378847401605341
