seed,auc_roc,auc_pr
26,0.986783988957902,0.9337864870328203
