seed,auc_roc,auc_pr
18,0.9857142857142857,0.9368169259625858
