seed,auc_roc,auc_pr
29,0.9888198757763975,0.9362177738759103
