seed,auc_roc,auc_pr
7,0.9822291235334714,0.933456129116532
