seed,auc_roc,auc_pr
11,0.9897170462387852,0.938132371628148
