seed,auc_roc,auc_pr
28,0.9859558316080056,0.927264801019542
