seed,auc_roc,auc_pr
4,0.9863008971704623,0.9324438718440452
