seed,auc_roc,auc_pr
15,0.9854727398205659,0.9380086850906151
