seed,auc_roc,auc_pr
27,0.9897170462387854,0.9457747446453656
