seed,auc_roc,auc_pr
17,0.9834368530020704,0.928756123343435
