seed,auc_roc,auc_pr
0,0.9818840579710144,0.9287081150994181
