seed,auc_roc,auc_pr
3,0.9883022774327123,0.9303962985756239
