seed,auc_roc,auc_pr
1,0.9871290545203588,0.9375237779004411
