seed,auc_roc,auc_pr
14,0.9842305037957212,0.9176495765707211
