seed,auc_roc,auc_pr
13,0.9845065562456867,0.9163985637832525
