seed,auc_roc,auc_pr
19,0.9878881987577639,0.9453929940521902
