seed,auc_roc,auc_pr
12,0.986783988957902,0.9407530355473073
