seed,auc_roc,auc_pr
25,0.9883022774327123,0.9306005495126396
