seed,auc_roc,auc_pr
10,0.9853002070393375,0.9291989238044256
