seed,auc_roc,auc_pr
21,0.9844030365769496,0.9159080173666434
