seed,auc_roc,auc_pr
3,0.9886818495514148,0.941656376322121
