seed,auc_roc,auc_pr
13,0.9777087646652864,0.8707568297616493
