seed,auc_roc,auc_pr
20,0.9795721187025535,0.8925547064532471
