seed,auc_roc,auc_pr
2,0.9905452035886818,0.9462230237457482
