seed,auc_roc,auc_pr
1,0.9841269841269842,0.925432564414152
