seed,auc_roc,auc_pr
25,0.9812284334023464,0.8762298904843193
