seed,auc_roc,auc_pr
24,0.9904761904761905,0.9441725312472913
