seed,auc_roc,auc_pr
27,0.9770186335403728,0.8755752419719978
