seed,auc_roc,auc_pr
21,0.9774327122153209,0.8828202885174996
