seed,auc_roc,auc_pr
15,0.9897860593512768,0.9390527629808844
