seed,auc_roc,auc_pr
4,0.9906142167011732,0.9427528603972725
