seed,auc_roc,auc_pr
8,0.9805383022774328,0.8894605259841175
