seed,auc_roc,auc_pr
19,0.9896480331262939,0.9488435643965474
