seed,auc_roc,auc_pr
0,0.9830917874396135,0.9117615871052102
