seed,auc_roc,auc_pr
28,0.9786749482401657,0.8863608106733984
