seed,auc_roc,auc_pr
16,0.9835748792270531,0.8937996894574055
