seed,auc_roc,auc_pr
7,0.9890269151138718,0.9445387892566988
