seed,auc_roc,auc_pr
23,0.9906832298136645,0.943561458172713
