seed,auc_roc,auc_pr
9,0.9688060731538992,0.80301250247794
