seed,auc_roc,auc_pr
18,0.9857142857142858,0.9154231640867633
