seed,auc_roc,auc_pr
14,0.9806073153899241,0.8929491432513574
