seed,auc_roc,auc_pr
12,0.9837819185645273,0.8944087687510425
