seed,auc_roc,auc_pr
10,0.9856452726017944,0.9227145098072448
