seed,auc_roc,auc_pr
26,0.9846790890269151,0.9135810148655271
