seed,auc_roc,auc_pr
6,0.9730848861283644,0.8558072535248902
