seed,auc_roc,auc_pr
5,0.9826777087646653,0.8880574478566685
