seed,auc_roc,auc_pr
29,0.9844030365769496,0.9005662337461973
