seed,auc_roc,auc_pr
22,0.9846100759144237,0.904616286819511
