seed,auc_roc,auc_pr
11,0.9761904761904762,0.8642200280601291
