seed,auc_roc,auc_pr
17,0.9875086266390614,0.9336288128611137
